"Catalogue.Number","Material","Module","Teeth.Count","Pitch.Diameter..mm.","Bore Diameter (mm)","Face.Width..cm.","Tooth.Finish","Heat.Treatment","Lewis.Form.Factor","set screw","keyway"
"SSA1-20J8","S45C",1,20,20,"8",1,"Standard","None",0.32,0,1
"SSA1-24J10","S45C",1,24,24,"10",1,"Standard","None",0.337,0,1
"SSA1-24J8","S45C",1,24,24,"8",1,"Standard","None",0.337,0,1
"SSA1-25J10","S45C",1,25,25,"10",1,"Standard","None",0.337,0,1
"SSA1-25J8","S45C",1,25,25,"8",1,"Standard","None",0.337,0,1
"SSA1-28J10","S45C",1,28,28,"10",1,"Standard","None",0.352,0,1
"SSA1-28J12","S45C",1,28,28,"12",1,"Standard","None",0.352,0,1
"SSA1-28J8","S45C",1,28,28,"8",1,"Standard","None",0.352,0,1
"SSA1-30J10","S45C",1,30,30,"10",1,"Standard","None",0.358,0,1
"SSA1-30J12","S45C",1,30,30,"12",1,"Standard","None",0.358,0,1
"SSA1-30J8","S45C",1,30,30,"8",1,"Standard","None",0.358,0,1
"SSA1-32J10","S45C",1,32,32,"10",1,"Standard","None",0.364,0,1
"SSA1-32J12","S45C",1,32,32,"12",1,"Standard","None",0.364,0,1
"SSA1-32J14","S45C",1,32,32,"14",1,"Standard","None",0.364,0,1
"SSA1-32J8","S45C",1,32,32,"8",1,"Standard","None",0.364,0,1
"SSA1-35J10","S45C",1,35,35,"10",1,"Standard","None",0.37,0,1
"SSA1-35J12","S45C",1,35,35,"12",1,"Standard","None",0.37,0,1
"SSA1-35J14","S45C",1,35,35,"14",1,"Standard","None",0.37,0,1
"SSA1-35J15","S45C",1,35,35,"15",1,"Standard","None",0.37,0,1
"SSA1-35J16","S45C",1,35,35,"16",1,"Standard","None",0.37,0,1
"SSA1-35J8","S45C",1,35,35,"8",1,"Standard","None",0.37,0,1
"SSA1-36J10","S45C",1,36,36,"10",1,"Standard","None",0.377,0,1
"SSA1-36J12","S45C",1,36,36,"12",1,"Standard","None",0.377,0,1
"SSA1-36J14","S45C",1,36,36,"14",1,"Standard","None",0.377,0,1
"SSA1-36J15","S45C",1,36,36,"15",1,"Standard","None",0.377,0,1
"SSA1-36J16","S45C",1,36,36,"16",1,"Standard","None",0.377,0,1
"SSA1-36J8","S45C",1,36,36,"8",1,"Standard","None",0.377,0,1
"SSA1-40J10","S45C",1,40,40,"10",1,"Standard","None",0.389,0,1
"SSA1-40J12","S45C",1,40,40,"12",1,"Standard","None",0.389,0,1
"SSA1-40J14","S45C",1,40,40,"14",1,"Standard","None",0.389,0,1
"SSA1-40J15","S45C",1,40,40,"15",1,"Standard","None",0.389,0,1
"SSA1-40J16","S45C",1,40,40,"16",1,"Standard","None",0.389,0,1
"SSA1-40J17","S45C",1,40,40,"17",1,"Standard","None",0.389,0,1
"SSA1-40J18","S45C",1,40,40,"18",1,"Standard","None",0.389,0,1
"SSA1-40J8","S45C",1,40,40,"8",1,"Standard","None",0.389,0,1
"SSA1-45J10","S45C",1,45,45,"10",1,"Standard","None",0.399,0,1
"SSA1-45J12","S45C",1,45,45,"12",1,"Standard","None",0.399,0,1
"SSA1-45J14","S45C",1,45,45,"14",1,"Standard","None",0.399,0,1
"SSA1-45J15","S45C",1,45,45,"15",1,"Standard","None",0.399,0,1
"SSA1-45J16","S45C",1,45,45,"16",1,"Standard","None",0.399,0,1
"SSA1-45J17","S45C",1,45,45,"17",1,"Standard","None",0.399,0,1
"SSA1-45J18","S45C",1,45,45,"18",1,"Standard","None",0.399,0,1
"SSA1-45J19","S45C",1,45,45,"19",1,"Standard","None",0.399,0,1
"SSA1-45J20","S45C",1,45,45,"20",1,"Standard","None",0.399,0,1
"SSA1-45J8","S45C",1,45,45,"8",1,"Standard","None",0.399,0,1
"SSA1-48J10","S45C",1,48,48,"10",1,"Standard","None",0.399,0,1
"SSA1-48J12","S45C",1,48,48,"12",1,"Standard","None",0.399,0,1
"SSA1-48J14","S45C",1,48,48,"14",1,"Standard","None",0.399,0,1
"SSA1-48J15","S45C",1,48,48,"15",1,"Standard","None",0.399,0,1
"SSA1-48J16","S45C",1,48,48,"16",1,"Standard","None",0.399,0,1
"SSA1-48J17","S45C",1,48,48,"17",1,"Standard","None",0.399,0,1
"SSA1-48J18","S45C",1,48,48,"18",1,"Standard","None",0.399,0,1
"SSA1-48J19","S45C",1,48,48,"19",1,"Standard","None",0.399,0,1
"SSA1-48J20","S45C",1,48,48,"20",1,"Standard","None",0.399,0,1
"SSA1-48J22","S45C",1,48,48,"22",1,"Standard","None",0.399,0,1
"SSA1-48J8","S45C",1,48,48,"8",1,"Standard","None",0.399,0,1
"SSA1-50J10","S45C",1,50,50,"10",1,"Standard","None",0.408,0,1
"SSA1-50J12","S45C",1,50,50,"12",1,"Standard","None",0.408,0,1
"SSA1-50J14","S45C",1,50,50,"14",1,"Standard","None",0.408,0,1
"SSA1-50J15","S45C",1,50,50,"15",1,"Standard","None",0.408,0,1
"SSA1-50J16","S45C",1,50,50,"16",1,"Standard","None",0.408,0,1
"SSA1-50J17","S45C",1,50,50,"17",1,"Standard","None",0.408,0,1
"SSA1-50J18","S45C",1,50,50,"18",1,"Standard","None",0.408,0,1
"SSA1-50J19","S45C",1,50,50,"19",1,"Standard","None",0.408,0,1
"SSA1-50J20","S45C",1,50,50,"20",1,"Standard","None",0.408,0,1
"SSA1-50J22","S45C",1,50,50,"22",1,"Standard","None",0.408,0,1
"SSA1-55J10","S45C",1,55,55,"10",1,"Standard","None",0.415,0,1
"SSA1-55J12","S45C",1,55,55,"12",1,"Standard","None",0.415,0,1
"SSA1-55J14","S45C",1,55,55,"14",1,"Standard","None",0.415,0,1
"SSA1-55J15","S45C",1,55,55,"15",1,"Standard","None",0.415,0,1
"SSA1-55J16","S45C",1,55,55,"16",1,"Standard","None",0.415,0,1
"SSA1-55J17","S45C",1,55,55,"17",1,"Standard","None",0.415,0,1
"SSA1-55J18","S45C",1,55,55,"18",1,"Standard","None",0.415,0,1
"SSA1-55J19","S45C",1,55,55,"19",1,"Standard","None",0.415,0,1
"SSA1-55J20","S45C",1,55,55,"20",1,"Standard","None",0.415,0,1
"SSA1-55J22","S45C",1,55,55,"22",1,"Standard","None",0.415,0,1
"SSA1-55J25","S45C",1,55,55,"25",1,"Standard","None",0.415,0,1
"SSA1-56J10","S45C",1,56,56,"10",1,"Standard","None",0.415,0,1
"SSA1-56J12","S45C",1,56,56,"12",1,"Standard","None",0.415,0,1
"SSA1-56J14","S45C",1,56,56,"14",1,"Standard","None",0.415,0,1
"SSA1-56J15","S45C",1,56,56,"15",1,"Standard","None",0.415,0,1
"SSA1-56J16","S45C",1,56,56,"16",1,"Standard","None",0.415,0,1
"SSA1-56J17","S45C",1,56,56,"17",1,"Standard","None",0.415,0,1
"SSA1-56J18","S45C",1,56,56,"18",1,"Standard","None",0.415,0,1
"SSA1-56J19","S45C",1,56,56,"19",1,"Standard","None",0.415,0,1
"SSA1-56J20","S45C",1,56,56,"20",1,"Standard","None",0.415,0,1
"SSA1-56J22","S45C",1,56,56,"22",1,"Standard","None",0.415,0,1
"SSA1-56J25","S45C",1,56,56,"25",1,"Standard","None",0.415,0,1
"SSA1-60J10","S45C",1,60,60,"10",1,"Standard","None",0.421,0,1
"SSA1-60J12","S45C",1,60,60,"12",1,"Standard","None",0.421,0,1
"SSA1-60J14","S45C",1,60,60,"14",1,"Standard","None",0.421,0,1
"SSA1-60J15","S45C",1,60,60,"15",1,"Standard","None",0.421,0,1
"SSA1-60J16","S45C",1,60,60,"16",1,"Standard","None",0.421,0,1
"SSA1-60J17","S45C",1,60,60,"17",1,"Standard","None",0.421,0,1
"SSA1-60J18","S45C",1,60,60,"18",1,"Standard","None",0.421,0,1
"SSA1-60J19","S45C",1,60,60,"19",1,"Standard","None",0.421,0,1
"SSA1-60J20","S45C",1,60,60,"20",1,"Standard","None",0.421,0,1
"SSA1-60J22","S45C",1,60,60,"22",1,"Standard","None",0.421,0,1
"SSA1-60J25","S45C",1,60,60,"25",1,"Standard","None",0.421,0,1
"SSA1-60J28","S45C",1,60,60,"28",1,"Standard","None",0.421,0,1
"SSA1-70J10","S45C",1,70,70,"10",1,"Standard","None",0.429,0,1
"SSA1-70J12","S45C",1,70,70,"12",1,"Standard","None",0.429,0,1
"SSA1-70J14","S45C",1,70,70,"14",1,"Standard","None",0.429,0,1
"SSA1-70J15","S45C",1,70,70,"15",1,"Standard","None",0.429,0,1
"SSA1-70J16","S45C",1,70,70,"16",1,"Standard","None",0.429,0,1
"SSA1-70J17","S45C",1,70,70,"17",1,"Standard","None",0.429,0,1
"SSA1-70J18","S45C",1,70,70,"18",1,"Standard","None",0.429,0,1
"SSA1-70J19","S45C",1,70,70,"19",1,"Standard","None",0.429,0,1
"SSA1-70J20","S45C",1,70,70,"20",1,"Standard","None",0.429,0,1
"SSA1-70J22","S45C",1,70,70,"22",1,"Standard","None",0.429,0,1
"SSA1-70J25","S45C",1,70,70,"25",1,"Standard","None",0.429,0,1
"SSA1-70J28","S45C",1,70,70,"28",1,"Standard","None",0.429,0,1
"SSA1-70J30","S45C",1,70,70,"30",1,"Standard","None",0.429,0,1
"SSA1-70J32","S45C",1,70,70,"32",1,"Standard","None",0.429,0,1
"SSA1.5-20J10","S45C",1.5,20,30,"10",1.5,"Standard","None",0.32,0,1
"SSA1.5-20J12","S45C",1.5,20,30,"12",1.5,"Standard","None",0.32,0,1
"SSA1.5-24J10","S45C",1.5,24,36,"10",1.5,"Standard","None",0.337,0,1
"SSA1.5-24J12","S45C",1.5,24,36,"12",1.5,"Standard","None",0.337,0,1
"SSA1.5-24J14","S45C",1.5,24,36,"14",1.5,"Standard","None",0.337,0,1
"SSA1.5-24J15","S45C",1.5,24,36,"15",1.5,"Standard","None",0.337,0,1
"SSA1.5-24J16","S45C",1.5,24,36,"16",1.5,"Standard","None",0.337,0,1
"SSA1.5-25J10","S45C",1.5,25,37.5,"10",1.5,"Standard","None",0.337,0,1
"SSA1.5-25J12","S45C",1.5,25,37.5,"12",1.5,"Standard","None",0.337,0,1
"SSA1.5-25J14","S45C",1.5,25,37.5,"14",1.5,"Standard","None",0.337,0,1
"SSA1.5-25J15","S45C",1.5,25,37.5,"15",1.5,"Standard","None",0.337,0,1
"SSA1.5-25J16","S45C",1.5,25,37.5,"16",1.5,"Standard","None",0.337,0,1
"SSA1.5-28J10","S45C",1.5,28,42,"10",1.5,"Standard","None",0.352,0,1
"SSA1.5-28J12","S45C",1.5,28,42,"12",1.5,"Standard","None",0.352,0,1
"SSA1.5-28J14","S45C",1.5,28,42,"14",1.5,"Standard","None",0.352,0,1
"SSA1.5-28J15","S45C",1.5,28,42,"15",1.5,"Standard","None",0.352,0,1
"SSA1.5-28J16","S45C",1.5,28,42,"16",1.5,"Standard","None",0.352,0,1
"SSA1.5-28J17","S45C",1.5,28,42,"17",1.5,"Standard","None",0.352,0,1
"SSA1.5-28J18","S45C",1.5,28,42,"18",1.5,"Standard","None",0.352,0,1
"SSA1.5-28J19","S45C",1.5,28,42,"19",1.5,"Standard","None",0.352,0,1
"SSA1.5-30J10","S45C",1.5,30,45,"10",1.5,"Standard","None",0.358,0,1
"SSA1.5-30J12","S45C",1.5,30,45,"12",1.5,"Standard","None",0.358,0,1
"SSA1.5-30J14","S45C",1.5,30,45,"14",1.5,"Standard","None",0.358,0,1
"SSA1.5-30J15","S45C",1.5,30,45,"15",1.5,"Standard","None",0.358,0,1
"SSA1.5-30J16","S45C",1.5,30,45,"16",1.5,"Standard","None",0.358,0,1
"SSA1.5-30J17","S45C",1.5,30,45,"17",1.5,"Standard","None",0.358,0,1
"SSA1.5-30J18","S45C",1.5,30,45,"18",1.5,"Standard","None",0.358,0,1
"SSA1.5-30J19","S45C",1.5,30,45,"19",1.5,"Standard","None",0.358,0,1
"SSA1.5-30J20","S45C",1.5,30,45,"20",1.5,"Standard","None",0.358,0,1
"SSA1.5-32J10","S45C",1.5,32,48,"10",1.5,"Standard","None",0.364,0,1
"SSA1.5-32J12","S45C",1.5,32,48,"12",1.5,"Standard","None",0.364,0,1
"SSA1.5-32J14","S45C",1.5,32,48,"14",1.5,"Standard","None",0.364,0,1
"SSA1.5-32J15","S45C",1.5,32,48,"15",1.5,"Standard","None",0.364,0,1
"SSA1.5-32J16","S45C",1.5,32,48,"16",1.5,"Standard","None",0.364,0,1
"SSA1.5-32J17","S45C",1.5,32,48,"17",1.5,"Standard","None",0.364,0,1
"SSA1.5-32J18","S45C",1.5,32,48,"18",1.5,"Standard","None",0.364,0,1
"SSA1.5-32J19","S45C",1.5,32,48,"19",1.5,"Standard","None",0.364,0,1
"SSA1.5-32J20","S45C",1.5,32,48,"20",1.5,"Standard","None",0.364,0,1
"SSA1.5-32J22","S45C",1.5,32,48,"22",1.5,"Standard","None",0.364,0,1
"SSA1.5-35J10","S45C",1.5,35,52.5,"10",1.5,"Standard","None",0.37,0,1
"SSA1.5-35J12","S45C",1.5,35,52.5,"12",1.5,"Standard","None",0.37,0,1
"SSA1.5-35J14","S45C",1.5,35,52.5,"14",1.5,"Standard","None",0.37,0,1
"SSA1.5-35J15","S45C",1.5,35,52.5,"15",1.5,"Standard","None",0.37,0,1
"SSA1.5-35J16","S45C",1.5,35,52.5,"16",1.5,"Standard","None",0.37,0,1
"SSA1.5-35J17","S45C",1.5,35,52.5,"17",1.5,"Standard","None",0.37,0,1
"SSA1.5-35J18","S45C",1.5,35,52.5,"18",1.5,"Standard","None",0.37,0,1
"SSA1.5-35J19","S45C",1.5,35,52.5,"19",1.5,"Standard","None",0.37,0,1
"SSA1.5-35J20","S45C",1.5,35,52.5,"20",1.5,"Standard","None",0.37,0,1
"SSA1.5-35J22","S45C",1.5,35,52.5,"22",1.5,"Standard","None",0.37,0,1
"SSA1.5-36J10","S45C",1.5,36,54,"10",1.5,"Standard","None",0.377,0,1
"SSA1.5-36J12","S45C",1.5,36,54,"12",1.5,"Standard","None",0.377,0,1
"SSA1.5-36J14","S45C",1.5,36,54,"14",1.5,"Standard","None",0.377,0,1
"SSA1.5-36J15","S45C",1.5,36,54,"15",1.5,"Standard","None",0.377,0,1
"SSA1.5-36J16","S45C",1.5,36,54,"16",1.5,"Standard","None",0.377,0,1
"SSA1.5-36J17","S45C",1.5,36,54,"17",1.5,"Standard","None",0.377,0,1
"SSA1.5-36J18","S45C",1.5,36,54,"18",1.5,"Standard","None",0.377,0,1
"SSA1.5-36J19","S45C",1.5,36,54,"19",1.5,"Standard","None",0.377,0,1
"SSA1.5-36J20","S45C",1.5,36,54,"20",1.5,"Standard","None",0.377,0,1
"SSA1.5-36J22","S45C",1.5,36,54,"22",1.5,"Standard","None",0.377,0,1
"SSA1.5-36J25","S45C",1.5,36,54,"25",1.5,"Standard","None",0.377,0,1
"SSA1.5-40J15","S45C",1.5,40,60,"15",1.5,"Standard","None",0.389,0,1
"SSA1.5-40J16","S45C",1.5,40,60,"16",1.5,"Standard","None",0.389,0,1
"SSA1.5-40J17","S45C",1.5,40,60,"17",1.5,"Standard","None",0.389,0,1
"SSA1.5-40J18","S45C",1.5,40,60,"18",1.5,"Standard","None",0.389,0,1
"SSA1.5-40J19","S45C",1.5,40,60,"19",1.5,"Standard","None",0.389,0,1
"SSA1.5-40J20","S45C",1.5,40,60,"20",1.5,"Standard","None",0.389,0,1
"SSA1.5-40J22","S45C",1.5,40,60,"22",1.5,"Standard","None",0.389,0,1
"SSA1.5-40J25","S45C",1.5,40,60,"25",1.5,"Standard","None",0.389,0,1
"SSA1.5-40J28","S45C",1.5,40,60,"28",1.5,"Standard","None",0.389,0,1
"SSA1.5-45J15","S45C",1.5,45,67.5,"15",1.5,"Standard","None",0.399,0,1
"SSA1.5-45J16","S45C",1.5,45,67.5,"16",1.5,"Standard","None",0.399,0,1
"SSA1.5-45J17","S45C",1.5,45,67.5,"17",1.5,"Standard","None",0.399,0,1
"SSA1.5-45J18","S45C",1.5,45,67.5,"18",1.5,"Standard","None",0.399,0,1
"SSA1.5-45J19","S45C",1.5,45,67.5,"19",1.5,"Standard","None",0.399,0,1
"SSA1.5-45J20","S45C",1.5,45,67.5,"20",1.5,"Standard","None",0.399,0,1
"SSA1.5-45J22","S45C",1.5,45,67.5,"22",1.5,"Standard","None",0.399,0,1
"SSA1.5-45J25","S45C",1.5,45,67.5,"25",1.5,"Standard","None",0.399,0,1
"SSA1.5-45J28","S45C",1.5,45,67.5,"28",1.5,"Standard","None",0.399,0,1
"SSA1.5-45J30","S45C",1.5,45,67.5,"30",1.5,"Standard","None",0.399,0,1
"SSA1.5-48J15","S45C",1.5,48,72,"15",1.5,"Standard","None",0.399,0,1
"SSA1.5-48J16","S45C",1.5,48,72,"16",1.5,"Standard","None",0.399,0,1
"SSA1.5-48J17","S45C",1.5,48,72,"17",1.5,"Standard","None",0.399,0,1
"SSA1.5-48J18","S45C",1.5,48,72,"18",1.5,"Standard","None",0.399,0,1
"SSA1.5-48J19","S45C",1.5,48,72,"19",1.5,"Standard","None",0.399,0,1
"SSA1.5-48J20","S45C",1.5,48,72,"20",1.5,"Standard","None",0.399,0,1
"SSA1.5-48J22","S45C",1.5,48,72,"22",1.5,"Standard","None",0.399,0,1
"SSA1.5-48J25","S45C",1.5,48,72,"25",1.5,"Standard","None",0.399,0,1
"SSA1.5-48J28","S45C",1.5,48,72,"28",1.5,"Standard","None",0.399,0,1
"SSA1.5-48J30","S45C",1.5,48,72,"30",1.5,"Standard","None",0.399,0,1
"SSA1.5-48J32","S45C",1.5,48,72,"32",1.5,"Standard","None",0.399,0,1
"SSA1.5-50J15","S45C",1.5,50,75,"15",1.5,"Standard","None",0.408,0,1
"SSA1.5-50J16","S45C",1.5,50,75,"16",1.5,"Standard","None",0.408,0,1
"SSA1.5-50J17","S45C",1.5,50,75,"17",1.5,"Standard","None",0.408,0,1
"SSA1.5-50J18","S45C",1.5,50,75,"18",1.5,"Standard","None",0.408,0,1
"SSA1.5-50J19","S45C",1.5,50,75,"19",1.5,"Standard","None",0.408,0,1
"SSA1.5-50J20","S45C",1.5,50,75,"20",1.5,"Standard","None",0.408,0,1
"SSA1.5-50J22","S45C",1.5,50,75,"22",1.5,"Standard","None",0.408,0,1
"SSA1.5-50J25","S45C",1.5,50,75,"25",1.5,"Standard","None",0.408,0,1
"SSA1.5-50J28","S45C",1.5,50,75,"28",1.5,"Standard","None",0.408,0,1
"SSA1.5-50J30","S45C",1.5,50,75,"30",1.5,"Standard","None",0.408,0,1
"SSA1.5-50J32","S45C",1.5,50,75,"32",1.5,"Standard","None",0.408,0,1
"SSA1.5-50J35","S45C",1.5,50,75,"35",1.5,"Standard","None",0.408,0,1
"SSA1.5-55J15","S45C",1.5,55,82.5,"15",1.5,"Standard","None",0.415,0,1
"SSA1.5-55J16","S45C",1.5,55,82.5,"16",1.5,"Standard","None",0.415,0,1
"SSA1.5-55J17","S45C",1.5,55,82.5,"17",1.5,"Standard","None",0.415,0,1
"SSA1.5-55J18","S45C",1.5,55,82.5,"18",1.5,"Standard","None",0.415,0,1
"SSA1.5-55J19","S45C",1.5,55,82.5,"19",1.5,"Standard","None",0.415,0,1
"SSA1.5-55J20","S45C",1.5,55,82.5,"20",1.5,"Standard","None",0.415,0,1
"SSA1.5-55J22","S45C",1.5,55,82.5,"22",1.5,"Standard","None",0.415,0,1
"SSA1.5-55J25","S45C",1.5,55,82.5,"25",1.5,"Standard","None",0.415,0,1
"SSA1.5-55J28","S45C",1.5,55,82.5,"28",1.5,"Standard","None",0.415,0,1
"SSA1.5-55J30","S45C",1.5,55,82.5,"30",1.5,"Standard","None",0.415,0,1
"SSA1.5-55J32","S45C",1.5,55,82.5,"32",1.5,"Standard","None",0.415,0,1
"SSA1.5-55J35","S45C",1.5,55,82.5,"35",1.5,"Standard","None",0.415,0,1
"SSA1.5-56J15","S45C",1.5,56,84,"15",1.5,"Standard","None",0.415,0,1
"SSA1.5-56J16","S45C",1.5,56,84,"16",1.5,"Standard","None",0.415,0,1
"SSA1.5-56J17","S45C",1.5,56,84,"17",1.5,"Standard","None",0.415,0,1
"SSA1.5-56J18","S45C",1.5,56,84,"18",1.5,"Standard","None",0.415,0,1
"SSA1.5-56J19","S45C",1.5,56,84,"19",1.5,"Standard","None",0.415,0,1
"SSA1.5-56J20","S45C",1.5,56,84,"20",1.5,"Standard","None",0.415,0,1
"SSA1.5-56J22","S45C",1.5,56,84,"22",1.5,"Standard","None",0.415,0,1
"SSA1.5-56J25","S45C",1.5,56,84,"25",1.5,"Standard","None",0.415,0,1
"SSA1.5-56J28","S45C",1.5,56,84,"28",1.5,"Standard","None",0.415,0,1
"SSA1.5-56J30","S45C",1.5,56,84,"30",1.5,"Standard","None",0.415,0,1
"SSA1.5-56J32","S45C",1.5,56,84,"32",1.5,"Standard","None",0.415,0,1
"SSA1.5-56J35","S45C",1.5,56,84,"35",1.5,"Standard","None",0.415,0,1
"SSA1.5-56J40","S45C",1.5,56,84,"40",1.5,"Standard","None",0.415,0,1
"SSA1.5-60J15","S45C",1.5,60,90,"15",1.5,"Standard","None",0.421,0,1
"SSA1.5-60J16","S45C",1.5,60,90,"16",1.5,"Standard","None",0.421,0,1
"SSA1.5-60J17","S45C",1.5,60,90,"17",1.5,"Standard","None",0.421,0,1
"SSA1.5-60J18","S45C",1.5,60,90,"18",1.5,"Standard","None",0.421,0,1
"SSA1.5-60J19","S45C",1.5,60,90,"19",1.5,"Standard","None",0.421,0,1
"SSA1.5-60J20","S45C",1.5,60,90,"20",1.5,"Standard","None",0.421,0,1
"SSA1.5-60J22","S45C",1.5,60,90,"22",1.5,"Standard","None",0.421,0,1
"SSA1.5-60J25","S45C",1.5,60,90,"25",1.5,"Standard","None",0.421,0,1
"SSA1.5-60J28","S45C",1.5,60,90,"28",1.5,"Standard","None",0.421,0,1
"SSA1.5-60J30","S45C",1.5,60,90,"30",1.5,"Standard","None",0.421,0,1
"SSA1.5-60J32","S45C",1.5,60,90,"32",1.5,"Standard","None",0.421,0,1
"SSA1.5-60J35","S45C",1.5,60,90,"35",1.5,"Standard","None",0.421,0,1
"SSA1.5-60J40","S45C",1.5,60,90,"40",1.5,"Standard","None",0.421,0,1
"SSA1.5-70J15","S45C",1.5,70,105,"15",1.5,"Standard","None",0.429,0,1
"SSA1.5-70J16","S45C",1.5,70,105,"16",1.5,"Standard","None",0.429,0,1
"SSA1.5-70J17","S45C",1.5,70,105,"17",1.5,"Standard","None",0.429,0,1
"SSA1.5-70J18","S45C",1.5,70,105,"18",1.5,"Standard","None",0.429,0,1
"SSA1.5-70J19","S45C",1.5,70,105,"19",1.5,"Standard","None",0.429,0,1
"SSA1.5-70J20","S45C",1.5,70,105,"20",1.5,"Standard","None",0.429,0,1
"SSA1.5-70J22","S45C",1.5,70,105,"22",1.5,"Standard","None",0.429,0,1
"SSA1.5-70J25","S45C",1.5,70,105,"25",1.5,"Standard","None",0.429,0,1
"SSA1.5-70J28","S45C",1.5,70,105,"28",1.5,"Standard","None",0.429,0,1
"SSA1.5-70J30","S45C",1.5,70,105,"30",1.5,"Standard","None",0.429,0,1
"SSA1.5-70J32","S45C",1.5,70,105,"32",1.5,"Standard","None",0.429,0,1
"SSA1.5-70J35","S45C",1.5,70,105,"35",1.5,"Standard","None",0.429,0,1
"SSA1.5-70J40","S45C",1.5,70,105,"40",1.5,"Standard","None",0.429,0,1
"SSA1.5-70J45","S45C",1.5,70,105,"45",1.5,"Standard","None",0.429,0,1
"SSA1.5-70J50","S45C",1.5,70,105,"50",1.5,"Standard","None",0.429,0,1
"SSA2-15J10","S45C",2,15,30,"10",2,"Standard","None",0.289,0,1
"SSA2-15J12","S45C",2,15,30,"12",2,"Standard","None",0.289,0,1
"SSA2-18J10","S45C",2,18,36,"10",2,"Standard","None",0.308,0,1
"SSA2-18J12","S45C",2,18,36,"12",2,"Standard","None",0.308,0,1
"SSA2-18J14","S45C",2,18,36,"14",2,"Standard","None",0.308,0,1
"SSA2-18J15","S45C",2,18,36,"15",2,"Standard","None",0.308,0,1
"SSA2-20J12","S45C",2,20,40,"12",2,"Standard","None",0.32,0,1
"SSA2-20J14","S45C",2,20,40,"14",2,"Standard","None",0.32,0,1
"SSA2-20J15","S45C",2,20,40,"15",2,"Standard","None",0.32,0,1
"SSA2-20J16","S45C",2,20,40,"16",2,"Standard","None",0.32,0,1
"SSA2-20J17","S45C",2,20,40,"17",2,"Standard","None",0.32,0,1
"SSA2-24J12","S45C",2,24,48,"12",2,"Standard","None",0.337,0,1
"SSA2-24J14","S45C",2,24,48,"14",2,"Standard","None",0.337,0,1
"SSA2-24J15","S45C",2,24,48,"15",2,"Standard","None",0.337,0,1
"SSA2-24J16","S45C",2,24,48,"16",2,"Standard","None",0.337,0,1
"SSA2-24J17","S45C",2,24,48,"17",2,"Standard","None",0.337,0,1
"SSA2-24J18","S45C",2,24,48,"18",2,"Standard","None",0.337,0,1
"SSA2-24J19","S45C",2,24,48,"19",2,"Standard","None",0.337,0,1
"SSA2-24J20","S45C",2,24,48,"20",2,"Standard","None",0.337,0,1
"SSA2-25J12","S45C",2,25,50,"12",2,"Standard","None",0.337,0,1
"SSA2-25J14","S45C",2,25,50,"14",2,"Standard","None",0.337,0,1
"SSA2-25J15","S45C",2,25,50,"15",2,"Standard","None",0.337,0,1
"SSA2-25J16","S45C",2,25,50,"16",2,"Standard","None",0.337,0,1
"SSA2-25J17","S45C",2,25,50,"17",2,"Standard","None",0.337,0,1
"SSA2-25J18","S45C",2,25,50,"18",2,"Standard","None",0.337,0,1
"SSA2-25J19","S45C",2,25,50,"19",2,"Standard","None",0.337,0,1
"SSA2-25J20","S45C",2,25,50,"20",2,"Standard","None",0.337,0,1
"SSA2-25J22","S45C",2,25,50,"22",2,"Standard","None",0.337,0,1
"SSA2-28J15","S45C",2,28,56,"15",2,"Standard","None",0.352,0,1
"SSA2-28J16","S45C",2,28,56,"16",2,"Standard","None",0.352,0,1
"SSA2-28J17","S45C",2,28,56,"17",2,"Standard","None",0.352,0,1
"SSA2-28J18","S45C",2,28,56,"18",2,"Standard","None",0.352,0,1
"SSA2-28J19","S45C",2,28,56,"19",2,"Standard","None",0.352,0,1
"SSA2-28J20","S45C",2,28,56,"20",2,"Standard","None",0.352,0,1
"SSA2-28J22","S45C",2,28,56,"22",2,"Standard","None",0.352,0,1
"SSA2-28J25","S45C",2,28,56,"25",2,"Standard","None",0.352,0,1
"SSA2-30J15","S45C",2,30,60,"15",2,"Standard","None",0.358,0,1
"SSA2-30J16","S45C",2,30,60,"16",2,"Standard","None",0.358,0,1
"SSA2-30J17","S45C",2,30,60,"17",2,"Standard","None",0.358,0,1
"SSA2-30J18","S45C",2,30,60,"18",2,"Standard","None",0.358,0,1
"SSA2-30J19","S45C",2,30,60,"19",2,"Standard","None",0.358,0,1
"SSA2-30J20","S45C",2,30,60,"20",2,"Standard","None",0.358,0,1
"SSA2-30J22","S45C",2,30,60,"22",2,"Standard","None",0.358,0,1
"SSA2-30J25","S45C",2,30,60,"25",2,"Standard","None",0.358,0,1
"SSA2-32J15","S45C",2,32,64,"15",2,"Standard","None",0.364,0,1
"SSA2-32J16","S45C",2,32,64,"16",2,"Standard","None",0.364,0,1
"SSA2-32J17","S45C",2,32,64,"17",2,"Standard","None",0.364,0,1
"SSA2-32J18","S45C",2,32,64,"18",2,"Standard","None",0.364,0,1
"SSA2-32J19","S45C",2,32,64,"19",2,"Standard","None",0.364,0,1
"SSA2-32J20","S45C",2,32,64,"20",2,"Standard","None",0.364,0,1
"SSA2-32J22","S45C",2,32,64,"22",2,"Standard","None",0.364,0,1
"SSA2-32J25","S45C",2,32,64,"25",2,"Standard","None",0.364,0,1
"SSA2-32J28","S45C",2,32,64,"28",2,"Standard","None",0.364,0,1
"SSA2-35J15","S45C",2,35,70,"15",2,"Standard","None",0.37,0,1
"SSA2-35J16","S45C",2,35,70,"16",2,"Standard","None",0.37,0,1
"SSA2-35J17","S45C",2,35,70,"17",2,"Standard","None",0.37,0,1
"SSA2-35J18","S45C",2,35,70,"18",2,"Standard","None",0.37,0,1
"SSA2-35J19","S45C",2,35,70,"19",2,"Standard","None",0.37,0,1
"SSA2-35J20","S45C",2,35,70,"20",2,"Standard","None",0.37,0,1
"SSA2-35J22","S45C",2,35,70,"22",2,"Standard","None",0.37,0,1
"SSA2-35J25","S45C",2,35,70,"25",2,"Standard","None",0.37,0,1
"SSA2-35J28","S45C",2,35,70,"28",2,"Standard","None",0.37,0,1
"SSA2-35J30","S45C",2,35,70,"30",2,"Standard","None",0.37,0,1
"SSA2-35J32","S45C",2,35,70,"32",2,"Standard","None",0.37,0,1
"SSA2-36J15","S45C",2,36,72,"15",2,"Standard","None",0.377,0,1
"SSA2-36J16","S45C",2,36,72,"16",2,"Standard","None",0.377,0,1
"SSA2-36J17","S45C",2,36,72,"17",2,"Standard","None",0.377,0,1
"SSA2-36J18","S45C",2,36,72,"18",2,"Standard","None",0.377,0,1
"SSA2-36J19","S45C",2,36,72,"19",2,"Standard","None",0.377,0,1
"SSA2-36J20","S45C",2,36,72,"20",2,"Standard","None",0.377,0,1
"SSA2-36J22","S45C",2,36,72,"22",2,"Standard","None",0.377,0,1
"SSA2-36J25","S45C",2,36,72,"25",2,"Standard","None",0.377,0,1
"SSA2-36J28","S45C",2,36,72,"28",2,"Standard","None",0.377,0,1
"SSA2-36J30","S45C",2,36,72,"30",2,"Standard","None",0.377,0,1
"SSA2-36J32","S45C",2,36,72,"32",2,"Standard","None",0.377,0,1
"SSA2-40J18","S45C",2,40,80,"18",2,"Standard","None",0.389,0,1
"SSA2-40J19","S45C",2,40,80,"19",2,"Standard","None",0.389,0,1
"SSA2-40J20","S45C",2,40,80,"20",2,"Standard","None",0.389,0,1
"SSA2-40J22","S45C",2,40,80,"22",2,"Standard","None",0.389,0,1
"SSA2-40J25","S45C",2,40,80,"25",2,"Standard","None",0.389,0,1
"SSA2-40J28","S45C",2,40,80,"28",2,"Standard","None",0.389,0,1
"SSA2-40J30","S45C",2,40,80,"30",2,"Standard","None",0.389,0,1
"SSA2-40J32","S45C",2,40,80,"32",2,"Standard","None",0.389,0,1
"SSA2-40J35","S45C",2,40,80,"35",2,"Standard","None",0.389,0,1
"SSA2-45J18","S45C",2,45,90,"18",2,"Standard","None",0.399,0,1
"SSA2-45J19","S45C",2,45,90,"19",2,"Standard","None",0.399,0,1
"SSA2-45J20","S45C",2,45,90,"20",2,"Standard","None",0.399,0,1
"SSA2-45J22","S45C",2,45,90,"22",2,"Standard","None",0.399,0,1
"SSA2-45J25","S45C",2,45,90,"25",2,"Standard","None",0.399,0,1
"SSA2-45J28","S45C",2,45,90,"28",2,"Standard","None",0.399,0,1
"SSA2-45J30","S45C",2,45,90,"30",2,"Standard","None",0.399,0,1
"SSA2-45J32","S45C",2,45,90,"32",2,"Standard","None",0.399,0,1
"SSA2-45J35","S45C",2,45,90,"35",2,"Standard","None",0.399,0,1
"SSA2-45J40","S45C",2,45,90,"40",2,"Standard","None",0.399,0,1
"SSA2-48J18","S45C",2,48,96,"18",2,"Standard","None",0.399,0,1
"SSA2-48J19","S45C",2,48,96,"19",2,"Standard","None",0.399,0,1
"SSA2-48J20","S45C",2,48,96,"20",2,"Standard","None",0.399,0,1
"SSA2-48J22","S45C",2,48,96,"22",2,"Standard","None",0.399,0,1
"SSA2-48J25","S45C",2,48,96,"25",2,"Standard","None",0.399,0,1
"SSA2-48J28","S45C",2,48,96,"28",2,"Standard","None",0.399,0,1
"SSA2-48J30","S45C",2,48,96,"30",2,"Standard","None",0.399,0,1
"SSA2-48J32","S45C",2,48,96,"32",2,"Standard","None",0.399,0,1
"SSA2-48J35","S45C",2,48,96,"35",2,"Standard","None",0.399,0,1
"SSA2-48J40","S45C",2,48,96,"40",2,"Standard","None",0.399,0,1
"SSA2-48J45","S45C",2,48,96,"45",2,"Standard","None",0.399,0,1
"SSA2-50J18","S45C",2,50,100,"18",2,"Standard","None",0.408,0,1
"SSA2-50J19","S45C",2,50,100,"19",2,"Standard","None",0.408,0,1
"SSA2-50J20","S45C",2,50,100,"20",2,"Standard","None",0.408,0,1
"SSA2-50J22","S45C",2,50,100,"22",2,"Standard","None",0.408,0,1
"SSA2-50J25","S45C",2,50,100,"25",2,"Standard","None",0.408,0,1
"SSA2-50J28","S45C",2,50,100,"28",2,"Standard","None",0.408,0,1
"SSA2-50J30","S45C",2,50,100,"30",2,"Standard","None",0.408,0,1
"SSA2-50J32","S45C",2,50,100,"32",2,"Standard","None",0.408,0,1
"SSA2-50J35","S45C",2,50,100,"35",2,"Standard","None",0.408,0,1
"SSA2-50J40","S45C",2,50,100,"40",2,"Standard","None",0.408,0,1
"SSA2-50J45","S45C",2,50,100,"45",2,"Standard","None",0.408,0,1
"SSA2-55J18","S45C",2,55,110,"18",2,"Standard","None",0.415,0,1
"SSA2-55J19","S45C",2,55,110,"19",2,"Standard","None",0.415,0,1
"SSA2-55J20","S45C",2,55,110,"20",2,"Standard","None",0.415,0,1
"SSA2-55J22","S45C",2,55,110,"22",2,"Standard","None",0.415,0,1
"SSA2-55J25","S45C",2,55,110,"25",2,"Standard","None",0.415,0,1
"SSA2-55J28","S45C",2,55,110,"28",2,"Standard","None",0.415,0,1
"SSA2-55J30","S45C",2,55,110,"30",2,"Standard","None",0.415,0,1
"SSA2-55J32","S45C",2,55,110,"32",2,"Standard","None",0.415,0,1
"SSA2-55J35","S45C",2,55,110,"35",2,"Standard","None",0.415,0,1
"SSA2-55J40","S45C",2,55,110,"40",2,"Standard","None",0.415,0,1
"SSA2-55J45","S45C",2,55,110,"45",2,"Standard","None",0.415,0,1
"SSA2-55J50","S45C",2,55,110,"50",2,"Standard","None",0.415,0,1
"SSA2-56J18","S45C",2,56,112,"18",2,"Standard","None",0.415,0,1
"SSA2-56J19","S45C",2,56,112,"19",2,"Standard","None",0.415,0,1
"SSA2-56J20","S45C",2,56,112,"20",2,"Standard","None",0.415,0,1
"SSA2-56J22","S45C",2,56,112,"22",2,"Standard","None",0.415,0,1
"SSA2-56J25","S45C",2,56,112,"25",2,"Standard","None",0.415,0,1
"SSA2-56J28","S45C",2,56,112,"28",2,"Standard","None",0.415,0,1
"SSA2-56J30","S45C",2,56,112,"30",2,"Standard","None",0.415,0,1
"SSA2-56J32","S45C",2,56,112,"32",2,"Standard","None",0.415,0,1
"SSA2-56J35","S45C",2,56,112,"35",2,"Standard","None",0.415,0,1
"SSA2-56J40","S45C",2,56,112,"40",2,"Standard","None",0.415,0,1
"SSA2-56J45","S45C",2,56,112,"45",2,"Standard","None",0.415,0,1
"SSA2-56J50","S45C",2,56,112,"50",2,"Standard","None",0.415,0,1
"SSA2-60J18","S45C",2,60,120,"18",2,"Standard","None",0.421,0,1
"SSA2-60J19","S45C",2,60,120,"19",2,"Standard","None",0.421,0,1
"SSA2-60J20","S45C",2,60,120,"20",2,"Standard","None",0.421,0,1
"SSA2-60J22","S45C",2,60,120,"22",2,"Standard","None",0.421,0,1
"SSA2-60J25","S45C",2,60,120,"25",2,"Standard","None",0.421,0,1
"SSA2-60J28","S45C",2,60,120,"28",2,"Standard","None",0.421,0,1
"SSA2-60J30","S45C",2,60,120,"30",2,"Standard","None",0.421,0,1
"SSA2-60J32","S45C",2,60,120,"32",2,"Standard","None",0.421,0,1
"SSA2-60J35","S45C",2,60,120,"35",2,"Standard","None",0.421,0,1
"SSA2-60J40","S45C",2,60,120,"40",2,"Standard","None",0.421,0,1
"SSA2-60J45","S45C",2,60,120,"45",2,"Standard","None",0.421,0,1
"SSA2-60J50","S45C",2,60,120,"50",2,"Standard","None",0.421,0,1
"SSA2-70J18","S45C",2,70,140,"18",2,"Standard","None",0.429,0,1
"SSA2-70J19","S45C",2,70,140,"19",2,"Standard","None",0.429,0,1
"SSA2-70J20","S45C",2,70,140,"20",2,"Standard","None",0.429,0,1
"SSA2-70J22","S45C",2,70,140,"22",2,"Standard","None",0.429,0,1
"SSA2-70J25","S45C",2,70,140,"25",2,"Standard","None",0.429,0,1
"SSA2-70J28","S45C",2,70,140,"28",2,"Standard","None",0.429,0,1
"SSA2-70J30","S45C",2,70,140,"30",2,"Standard","None",0.429,0,1
"SSA2-70J32","S45C",2,70,140,"32",2,"Standard","None",0.429,0,1
"SSA2-70J35","S45C",2,70,140,"35",2,"Standard","None",0.429,0,1
"SSA2-70J40","S45C",2,70,140,"40",2,"Standard","None",0.429,0,1
"SSA2-70J45","S45C",2,70,140,"45",2,"Standard","None",0.429,0,1
"SSA2-70J50","S45C",2,70,140,"50",2,"Standard","None",0.429,0,1
"SSA2.5-15J12","S45C",2.5,15,37.5,"12",2.5,"Standard","None",0.289,0,1
"SSA2.5-15J14","S45C",2.5,15,37.5,"14",2.5,"Standard","None",0.289,0,1
"SSA2.5-15J15","S45C",2.5,15,37.5,"15",2.5,"Standard","None",0.289,0,1
"SSA2.5-18J12","S45C",2.5,18,45,"12",2.5,"Standard","None",0.308,0,1
"SSA2.5-18J14","S45C",2.5,18,45,"14",2.5,"Standard","None",0.308,0,1
"SSA2.5-18J15","S45C",2.5,18,45,"15",2.5,"Standard","None",0.308,0,1
"SSA2.5-18J16","S45C",2.5,18,45,"16",2.5,"Standard","None",0.308,0,1
"SSA2.5-18J17","S45C",2.5,18,45,"17",2.5,"Standard","None",0.308,0,1
"SSA2.5-18J18","S45C",2.5,18,45,"18",2.5,"Standard","None",0.308,0,1
"SSA2.5-18J19","S45C",2.5,18,45,"19",2.5,"Standard","None",0.308,0,1
"SSA2.5-20J15","S45C",2.5,20,50,"15",2.5,"Standard","None",0.32,0,1
"SSA2.5-20J16","S45C",2.5,20,50,"16",2.5,"Standard","None",0.32,0,1
"SSA2.5-20J17","S45C",2.5,20,50,"17",2.5,"Standard","None",0.32,0,1
"SSA2.5-20J18","S45C",2.5,20,50,"18",2.5,"Standard","None",0.32,0,1
"SSA2.5-20J19","S45C",2.5,20,50,"19",2.5,"Standard","None",0.32,0,1
"SSA2.5-20J20","S45C",2.5,20,50,"20",2.5,"Standard","None",0.32,0,1
"SSA2.5-24J15","S45C",2.5,24,60,"15",2.5,"Standard","None",0.337,0,1
"SSA2.5-24J16","S45C",2.5,24,60,"16",2.5,"Standard","None",0.337,0,1
"SSA2.5-24J17","S45C",2.5,24,60,"17",2.5,"Standard","None",0.337,0,1
"SSA2.5-24J18","S45C",2.5,24,60,"18",2.5,"Standard","None",0.337,0,1
"SSA2.5-24J19","S45C",2.5,24,60,"19",2.5,"Standard","None",0.337,0,1
"SSA2.5-24J20","S45C",2.5,24,60,"20",2.5,"Standard","None",0.337,0,1
"SSA2.5-24J22","S45C",2.5,24,60,"22",2.5,"Standard","None",0.337,0,1
"SSA2.5-24J25","S45C",2.5,24,60,"25",2.5,"Standard","None",0.337,0,1
"SSA2.5-25J15","S45C",2.5,25,62.5,"15",2.5,"Standard","None",0.337,0,1
"SSA2.5-25J16","S45C",2.5,25,62.5,"16",2.5,"Standard","None",0.337,0,1
"SSA2.5-25J17","S45C",2.5,25,62.5,"17",2.5,"Standard","None",0.337,0,1
"SSA2.5-25J18","S45C",2.5,25,62.5,"18",2.5,"Standard","None",0.337,0,1
"SSA2.5-25J19","S45C",2.5,25,62.5,"19",2.5,"Standard","None",0.337,0,1
"SSA2.5-25J20","S45C",2.5,25,62.5,"20",2.5,"Standard","None",0.337,0,1
"SSA2.5-25J22","S45C",2.5,25,62.5,"22",2.5,"Standard","None",0.337,0,1
"SSA2.5-25J25","S45C",2.5,25,62.5,"25",2.5,"Standard","None",0.337,0,1
"SSA2.5-25J28","S45C",2.5,25,62.5,"28",2.5,"Standard","None",0.337,0,1
"SSA2.5-28J18","S45C",2.5,28,70,"18",2.5,"Standard","None",0.352,0,1
"SSA2.5-28J19","S45C",2.5,28,70,"19",2.5,"Standard","None",0.352,0,1
"SSA2.5-28J20","S45C",2.5,28,70,"20",2.5,"Standard","None",0.352,0,1
"SSA2.5-28J22","S45C",2.5,28,70,"22",2.5,"Standard","None",0.352,0,1
"SSA2.5-28J25","S45C",2.5,28,70,"25",2.5,"Standard","None",0.352,0,1
"SSA2.5-28J28","S45C",2.5,28,70,"28",2.5,"Standard","None",0.352,0,1
"SSA2.5-28J30","S45C",2.5,28,70,"30",2.5,"Standard","None",0.352,0,1
"SSA2.5-30J18","S45C",2.5,30,75,"18",2.5,"Standard","None",0.358,0,1
"SSA2.5-30J19","S45C",2.5,30,75,"19",2.5,"Standard","None",0.358,0,1
"SSA2.5-30J20","S45C",2.5,30,75,"20",2.5,"Standard","None",0.358,0,1
"SSA2.5-30J22","S45C",2.5,30,75,"22",2.5,"Standard","None",0.358,0,1
"SSA2.5-30J25","S45C",2.5,30,75,"25",2.5,"Standard","None",0.358,0,1
"SSA2.5-30J28","S45C",2.5,30,75,"28",2.5,"Standard","None",0.358,0,1
"SSA2.5-30J30","S45C",2.5,30,75,"30",2.5,"Standard","None",0.358,0,1
"SSA2.5-30J32","S45C",2.5,30,75,"32",2.5,"Standard","None",0.358,0,1
"SSA2.5-32J18","S45C",2.5,32,80,"18",2.5,"Standard","None",0.364,0,1
"SSA2.5-32J19","S45C",2.5,32,80,"19",2.5,"Standard","None",0.364,0,1
"SSA2.5-32J20","S45C",2.5,32,80,"20",2.5,"Standard","None",0.364,0,1
"SSA2.5-32J22","S45C",2.5,32,80,"22",2.5,"Standard","None",0.364,0,1
"SSA2.5-32J25","S45C",2.5,32,80,"25",2.5,"Standard","None",0.364,0,1
"SSA2.5-32J28","S45C",2.5,32,80,"28",2.5,"Standard","None",0.364,0,1
"SSA2.5-32J30","S45C",2.5,32,80,"30",2.5,"Standard","None",0.364,0,1
"SSA2.5-32J32","S45C",2.5,32,80,"32",2.5,"Standard","None",0.364,0,1
"SSA2.5-32J35","S45C",2.5,32,80,"35",2.5,"Standard","None",0.364,0,1
"SSA2.5-35J18","S45C",2.5,35,87.5,"18",2.5,"Standard","None",0.37,0,1
"SSA2.5-35J19","S45C",2.5,35,87.5,"19",2.5,"Standard","None",0.37,0,1
"SSA2.5-35J20","S45C",2.5,35,87.5,"20",2.5,"Standard","None",0.37,0,1
"SSA2.5-35J22","S45C",2.5,35,87.5,"22",2.5,"Standard","None",0.37,0,1
"SSA2.5-35J25","S45C",2.5,35,87.5,"25",2.5,"Standard","None",0.37,0,1
"SSA2.5-35J28","S45C",2.5,35,87.5,"28",2.5,"Standard","None",0.37,0,1
"SSA2.5-35J30","S45C",2.5,35,87.5,"30",2.5,"Standard","None",0.37,0,1
"SSA2.5-35J32","S45C",2.5,35,87.5,"32",2.5,"Standard","None",0.37,0,1
"SSA2.5-35J35","S45C",2.5,35,87.5,"35",2.5,"Standard","None",0.37,0,1
"SSA2.5-35J40","S45C",2.5,35,87.5,"40",2.5,"Standard","None",0.37,0,1
"SSA2.5-36J18","S45C",2.5,36,90,"18",2.5,"Standard","None",0.377,0,1
"SSA2.5-36J19","S45C",2.5,36,90,"19",2.5,"Standard","None",0.377,0,1
"SSA2.5-36J20","S45C",2.5,36,90,"20",2.5,"Standard","None",0.377,0,1
"SSA2.5-36J22","S45C",2.5,36,90,"22",2.5,"Standard","None",0.377,0,1
"SSA2.5-36J25","S45C",2.5,36,90,"25",2.5,"Standard","None",0.377,0,1
"SSA2.5-36J28","S45C",2.5,36,90,"28",2.5,"Standard","None",0.377,0,1
"SSA2.5-36J30","S45C",2.5,36,90,"30",2.5,"Standard","None",0.377,0,1
"SSA2.5-36J32","S45C",2.5,36,90,"32",2.5,"Standard","None",0.377,0,1
"SSA2.5-36J35","S45C",2.5,36,90,"35",2.5,"Standard","None",0.377,0,1
"SSA2.5-36J40","S45C",2.5,36,90,"40",2.5,"Standard","None",0.377,0,1
"SSA2.5-40J22","S45C",2.5,40,100,"22",2.5,"Standard","None",0.389,0,1
"SSA2.5-40J25","S45C",2.5,40,100,"25",2.5,"Standard","None",0.389,0,1
"SSA2.5-40J28","S45C",2.5,40,100,"28",2.5,"Standard","None",0.389,0,1
"SSA2.5-40J30","S45C",2.5,40,100,"30",2.5,"Standard","None",0.389,0,1
"SSA2.5-40J32","S45C",2.5,40,100,"32",2.5,"Standard","None",0.389,0,1
"SSA2.5-40J35","S45C",2.5,40,100,"35",2.5,"Standard","None",0.389,0,1
"SSA2.5-40J40","S45C",2.5,40,100,"40",2.5,"Standard","None",0.389,0,1
"SSA2.5-40J45","S45C",2.5,40,100,"45",2.5,"Standard","None",0.389,0,1
"SSA2.5-45J22","S45C",2.5,45,112.5,"22",2.5,"Standard","None",0.399,0,1
"SSA2.5-45J25","S45C",2.5,45,112.5,"25",2.5,"Standard","None",0.399,0,1
"SSA2.5-45J28","S45C",2.5,45,112.5,"28",2.5,"Standard","None",0.399,0,1
"SSA2.5-45J30","S45C",2.5,45,112.5,"30",2.5,"Standard","None",0.399,0,1
"SSA2.5-45J32","S45C",2.5,45,112.5,"32",2.5,"Standard","None",0.399,0,1
"SSA2.5-45J35","S45C",2.5,45,112.5,"35",2.5,"Standard","None",0.399,0,1
"SSA2.5-45J40","S45C",2.5,45,112.5,"40",2.5,"Standard","None",0.399,0,1
"SSA2.5-45J45","S45C",2.5,45,112.5,"45",2.5,"Standard","None",0.399,0,1
"SSA2.5-45J50","S45C",2.5,45,112.5,"50",2.5,"Standard","None",0.399,0,1
"SSA2.5-48J22","S45C",2.5,48,120,"22",2.5,"Standard","None",0.399,0,1
"SSA2.5-48J25","S45C",2.5,48,120,"25",2.5,"Standard","None",0.399,0,1
"SSA2.5-48J28","S45C",2.5,48,120,"28",2.5,"Standard","None",0.399,0,1
"SSA2.5-48J30","S45C",2.5,48,120,"30",2.5,"Standard","None",0.399,0,1
"SSA2.5-48J32","S45C",2.5,48,120,"32",2.5,"Standard","None",0.399,0,1
"SSA2.5-48J35","S45C",2.5,48,120,"35",2.5,"Standard","None",0.399,0,1
"SSA2.5-48J40","S45C",2.5,48,120,"40",2.5,"Standard","None",0.399,0,1
"SSA2.5-48J45","S45C",2.5,48,120,"45",2.5,"Standard","None",0.399,0,1
"SSA2.5-48J50","S45C",2.5,48,120,"50",2.5,"Standard","None",0.399,0,1
"SSA2.5-50J22","S45C",2.5,50,125,"22",2.5,"Standard","None",0.408,0,1
"SSA2.5-50J25","S45C",2.5,50,125,"25",2.5,"Standard","None",0.408,0,1
"SSA2.5-50J28","S45C",2.5,50,125,"28",2.5,"Standard","None",0.408,0,1
"SSA2.5-50J30","S45C",2.5,50,125,"30",2.5,"Standard","None",0.408,0,1
"SSA2.5-50J32","S45C",2.5,50,125,"32",2.5,"Standard","None",0.408,0,1
"SSA2.5-50J35","S45C",2.5,50,125,"35",2.5,"Standard","None",0.408,0,1
"SSA2.5-50J40","S45C",2.5,50,125,"40",2.5,"Standard","None",0.408,0,1
"SSA2.5-50J45","S45C",2.5,50,125,"45",2.5,"Standard","None",0.408,0,1
"SSA2.5-50J50","S45C",2.5,50,125,"50",2.5,"Standard","None",0.408,0,1
"SSA2.5-55J22","S45C",2.5,55,137.5,"22",2.5,"Standard","None",0.415,0,1
"SSA2.5-55J25","S45C",2.5,55,137.5,"25",2.5,"Standard","None",0.415,0,1
"SSA2.5-55J28","S45C",2.5,55,137.5,"28",2.5,"Standard","None",0.415,0,1
"SSA2.5-55J30","S45C",2.5,55,137.5,"30",2.5,"Standard","None",0.415,0,1
"SSA2.5-55J32","S45C",2.5,55,137.5,"32",2.5,"Standard","None",0.415,0,1
"SSA2.5-55J35","S45C",2.5,55,137.5,"35",2.5,"Standard","None",0.415,0,1
"SSA2.5-55J40","S45C",2.5,55,137.5,"40",2.5,"Standard","None",0.415,0,1
"SSA2.5-55J45","S45C",2.5,55,137.5,"45",2.5,"Standard","None",0.415,0,1
"SSA2.5-55J50","S45C",2.5,55,137.5,"50",2.5,"Standard","None",0.415,0,1
"SSA2.5-56J22","S45C",2.5,56,140,"22",2.5,"Standard","None",0.415,0,1
"SSA2.5-56J25","S45C",2.5,56,140,"25",2.5,"Standard","None",0.415,0,1
"SSA2.5-56J28","S45C",2.5,56,140,"28",2.5,"Standard","None",0.415,0,1
"SSA2.5-56J30","S45C",2.5,56,140,"30",2.5,"Standard","None",0.415,0,1
"SSA2.5-56J32","S45C",2.5,56,140,"32",2.5,"Standard","None",0.415,0,1
"SSA2.5-56J35","S45C",2.5,56,140,"35",2.5,"Standard","None",0.415,0,1
"SSA2.5-56J40","S45C",2.5,56,140,"40",2.5,"Standard","None",0.415,0,1
"SSA2.5-56J45","S45C",2.5,56,140,"45",2.5,"Standard","None",0.415,0,1
"SSA2.5-56J50","S45C",2.5,56,140,"50",2.5,"Standard","None",0.415,0,1
"SSA2.5-60J22","S45C",2.5,60,150,"22",2.5,"Standard","None",0.421,0,1
"SSA2.5-60J25","S45C",2.5,60,150,"25",2.5,"Standard","None",0.421,0,1
"SSA2.5-60J28","S45C",2.5,60,150,"28",2.5,"Standard","None",0.421,0,1
"SSA2.5-60J30","S45C",2.5,60,150,"30",2.5,"Standard","None",0.421,0,1
"SSA2.5-60J32","S45C",2.5,60,150,"32",2.5,"Standard","None",0.421,0,1
"SSA2.5-60J35","S45C",2.5,60,150,"35",2.5,"Standard","None",0.421,0,1
"SSA2.5-60J40","S45C",2.5,60,150,"40",2.5,"Standard","None",0.421,0,1
"SSA2.5-70J22","S45C",2.5,70,175,"22",2.5,"Standard","None",0.429,0,1
"SSA2.5-70J25","S45C",2.5,70,175,"25",2.5,"Standard","None",0.429,0,1
"SSA2.5-70J28","S45C",2.5,70,175,"28",2.5,"Standard","None",0.429,0,1
"SSA2.5-70J30","S45C",2.5,70,175,"30",2.5,"Standard","None",0.429,0,1
"SSA2.5-70J32","S45C",2.5,70,175,"32",2.5,"Standard","None",0.429,0,1
"SSA2.5-70J35","S45C",2.5,70,175,"35",2.5,"Standard","None",0.429,0,1
"SSA2.5-70J40","S45C",2.5,70,175,"40",2.5,"Standard","None",0.429,0,1
"SSA2.5-70J45","S45C",2.5,70,175,"45",2.5,"Standard","None",0.429,0,1
"SSA3-15J12","S45C",3,15,45,"12",3,"Standard","None",0.289,0,1
"SSA3-15J14","S45C",3,15,45,"14",3,"Standard","None",0.289,0,1
"SSA3-15J15","S45C",3,15,45,"15",3,"Standard","None",0.289,0,1
"SSA3-15J16","S45C",3,15,45,"16",3,"Standard","None",0.289,0,1
"SSA3-15J17","S45C",3,15,45,"17",3,"Standard","None",0.289,0,1
"SSA3-15J18","S45C",3,15,45,"18",3,"Standard","None",0.289,0,1
"SSA3-18J12","S45C",3,18,54,"12",3,"Standard","None",0.308,0,1
"SSA3-18J14","S45C",3,18,54,"14",3,"Standard","None",0.308,0,1
"SSA3-18J15","S45C",3,18,54,"15",3,"Standard","None",0.308,0,1
"SSA3-18J16","S45C",3,18,54,"16",3,"Standard","None",0.308,0,1
"SSA3-18J17","S45C",3,18,54,"17",3,"Standard","None",0.308,0,1
"SSA3-18J18","S45C",3,18,54,"18",3,"Standard","None",0.308,0,1
"SSA3-18J19","S45C",3,18,54,"19",3,"Standard","None",0.308,0,1
"SSA3-18J20","S45C",3,18,54,"20",3,"Standard","None",0.308,0,1
"SSA3-18J22","S45C",3,18,54,"22",3,"Standard","None",0.308,0,1
"SSA3-20J15","S45C",3,20,60,"15",3,"Standard","None",0.32,0,1
"SSA3-20J16","S45C",3,20,60,"16",3,"Standard","None",0.32,0,1
"SSA3-20J17","S45C",3,20,60,"17",3,"Standard","None",0.32,0,1
"SSA3-20J18","S45C",3,20,60,"18",3,"Standard","None",0.32,0,1
"SSA3-20J19","S45C",3,20,60,"19",3,"Standard","None",0.32,0,1
"SSA3-20J20","S45C",3,20,60,"20",3,"Standard","None",0.32,0,1
"SSA3-20J22","S45C",3,20,60,"22",3,"Standard","None",0.32,0,1
"SSA3-20J25","S45C",3,20,60,"25",3,"Standard","None",0.32,0,1
"SSA3-24J15","S45C",3,24,72,"15",3,"Standard","None",0.337,0,1
"SSA3-24J16","S45C",3,24,72,"16",3,"Standard","None",0.337,0,1
"SSA3-24J17","S45C",3,24,72,"17",3,"Standard","None",0.337,0,1
"SSA3-24J18","S45C",3,24,72,"18",3,"Standard","None",0.337,0,1
"SSA3-24J19","S45C",3,24,72,"19",3,"Standard","None",0.337,0,1
"SSA3-24J20","S45C",3,24,72,"20",3,"Standard","None",0.337,0,1
"SSA3-24J22","S45C",3,24,72,"22",3,"Standard","None",0.337,0,1
"SSA3-24J25","S45C",3,24,72,"25",3,"Standard","None",0.337,0,1
"SSA3-24J28","S45C",3,24,72,"28",3,"Standard","None",0.337,0,1
"SSA3-24J30","S45C",3,24,72,"30",3,"Standard","None",0.337,0,1
"SSA3-24J32","S45C",3,24,72,"32",3,"Standard","None",0.337,0,1
"SSA3-25J15","S45C",3,25,75,"15",3,"Standard","None",0.337,0,1
"SSA3-25J16","S45C",3,25,75,"16",3,"Standard","None",0.337,0,1
"SSA3-25J17","S45C",3,25,75,"17",3,"Standard","None",0.337,0,1
"SSA3-25J18","S45C",3,25,75,"18",3,"Standard","None",0.337,0,1
"SSA3-25J19","S45C",3,25,75,"19",3,"Standard","None",0.337,0,1
"SSA3-25J20","S45C",3,25,75,"20",3,"Standard","None",0.337,0,1
"SSA3-25J22","S45C",3,25,75,"22",3,"Standard","None",0.337,0,1
"SSA3-25J25","S45C",3,25,75,"25",3,"Standard","None",0.337,0,1
"SSA3-25J28","S45C",3,25,75,"28",3,"Standard","None",0.337,0,1
"SSA3-25J30","S45C",3,25,75,"30",3,"Standard","None",0.337,0,1
"SSA3-25J32","S45C",3,25,75,"32",3,"Standard","None",0.337,0,1
"SSA3-28J20","S45C",3,28,84,"20",3,"Standard","None",0.352,0,1
"SSA3-28J22","S45C",3,28,84,"22",3,"Standard","None",0.352,0,1
"SSA3-28J25","S45C",3,28,84,"25",3,"Standard","None",0.352,0,1
"SSA3-28J28","S45C",3,28,84,"28",3,"Standard","None",0.352,0,1
"SSA3-28J30","S45C",3,28,84,"30",3,"Standard","None",0.352,0,1
"SSA3-28J32","S45C",3,28,84,"32",3,"Standard","None",0.352,0,1
"SSA3-28J35","S45C",3,28,84,"35",3,"Standard","None",0.352,0,1
"SSA3-30J20","S45C",3,30,90,"20",3,"Standard","None",0.358,0,1
"SSA3-30J22","S45C",3,30,90,"22",3,"Standard","None",0.358,0,1
"SSA3-30J25","S45C",3,30,90,"25",3,"Standard","None",0.358,0,1
"SSA3-30J28","S45C",3,30,90,"28",3,"Standard","None",0.358,0,1
"SSA3-30J30","S45C",3,30,90,"30",3,"Standard","None",0.358,0,1
"SSA3-30J32","S45C",3,30,90,"32",3,"Standard","None",0.358,0,1
"SSA3-30J35","S45C",3,30,90,"35",3,"Standard","None",0.358,0,1
"SSA3-30J40","S45C",3,30,90,"40",3,"Standard","None",0.358,0,1
"SSA3-32J20","S45C",3,32,96,"20",3,"Standard","None",0.364,0,1
"SSA3-32J22","S45C",3,32,96,"22",3,"Standard","None",0.364,0,1
"SSA3-32J25","S45C",3,32,96,"25",3,"Standard","None",0.364,0,1
"SSA3-32J28","S45C",3,32,96,"28",3,"Standard","None",0.364,0,1
"SSA3-32J30","S45C",3,32,96,"30",3,"Standard","None",0.364,0,1
"SSA3-32J32","S45C",3,32,96,"32",3,"Standard","None",0.364,0,1
"SSA3-32J35","S45C",3,32,96,"35",3,"Standard","None",0.364,0,1
"SSA3-32J40","S45C",3,32,96,"40",3,"Standard","None",0.364,0,1
"SSA3-35J20","S45C",3,35,105,"20",3,"Standard","None",0.37,0,1
"SSA3-35J22","S45C",3,35,105,"22",3,"Standard","None",0.37,0,1
"SSA3-35J25","S45C",3,35,105,"25",3,"Standard","None",0.37,0,1
"SSA3-35J28","S45C",3,35,105,"28",3,"Standard","None",0.37,0,1
"SSA3-35J30","S45C",3,35,105,"30",3,"Standard","None",0.37,0,1
"SSA3-35J32","S45C",3,35,105,"32",3,"Standard","None",0.37,0,1
"SSA3-35J35","S45C",3,35,105,"35",3,"Standard","None",0.37,0,1
"SSA3-35J40","S45C",3,35,105,"40",3,"Standard","None",0.37,0,1
"SSA3-35J45","S45C",3,35,105,"45",3,"Standard","None",0.37,0,1
"SSA3-36J20","S45C",3,36,108,"20",3,"Standard","None",0.377,0,1
"SSA3-36J22","S45C",3,36,108,"22",3,"Standard","None",0.377,0,1
"SSA3-36J25","S45C",3,36,108,"25",3,"Standard","None",0.377,0,1
"SSA3-36J28","S45C",3,36,108,"28",3,"Standard","None",0.377,0,1
"SSA3-36J30","S45C",3,36,108,"30",3,"Standard","None",0.377,0,1
"SSA3-36J32","S45C",3,36,108,"32",3,"Standard","None",0.377,0,1
"SSA3-36J35","S45C",3,36,108,"35",3,"Standard","None",0.377,0,1
"SSA3-36J40","S45C",3,36,108,"40",3,"Standard","None",0.377,0,1
"SSA3-36J45","S45C",3,36,108,"45",3,"Standard","None",0.377,0,1
"SSA3-36J50","S45C",3,36,108,"50",3,"Standard","None",0.377,0,1
"SSA3-40J25","S45C",3,40,120,"25",3,"Standard","None",0.389,0,1
"SSA3-40J28","S45C",3,40,120,"28",3,"Standard","None",0.389,0,1
"SSA3-40J30","S45C",3,40,120,"30",3,"Standard","None",0.389,0,1
"SSA3-40J32","S45C",3,40,120,"32",3,"Standard","None",0.389,0,1
"SSA3-40J35","S45C",3,40,120,"35",3,"Standard","None",0.389,0,1
"SSA3-40J40","S45C",3,40,120,"40",3,"Standard","None",0.389,0,1
"SSA3-40J45","S45C",3,40,120,"45",3,"Standard","None",0.389,0,1
"SSA3-40J50","S45C",3,40,120,"50",3,"Standard","None",0.389,0,1
"SSA3-45J25","S45C",3,45,135,"25",3,"Standard","None",0.399,0,1
"SSA3-45J28","S45C",3,45,135,"28",3,"Standard","None",0.399,0,1
"SSA3-45J30","S45C",3,45,135,"30",3,"Standard","None",0.399,0,1
"SSA3-45J32","S45C",3,45,135,"32",3,"Standard","None",0.399,0,1
"SSA3-45J35","S45C",3,45,135,"35",3,"Standard","None",0.399,0,1
"SSA3-45J40","S45C",3,45,135,"40",3,"Standard","None",0.399,0,1
"SSA3-45J45","S45C",3,45,135,"45",3,"Standard","None",0.399,0,1
"SSA3-45J50","S45C",3,45,135,"50",3,"Standard","None",0.399,0,1
"SSA3-48J25","S45C",3,48,144,"25",3,"Standard","None",0.399,0,1
"SSA3-48J28","S45C",3,48,144,"28",3,"Standard","None",0.399,0,1
"SSA3-48J30","S45C",3,48,144,"30",3,"Standard","None",0.399,0,1
"SSA3-48J32","S45C",3,48,144,"32",3,"Standard","None",0.399,0,1
"SSA3-48J35","S45C",3,48,144,"35",3,"Standard","None",0.399,0,1
"SSA3-48J40","S45C",3,48,144,"40",3,"Standard","None",0.399,0,1
"SSA3-48J45","S45C",3,48,144,"45",3,"Standard","None",0.399,0,1
"SSA3-48J50","S45C",3,48,144,"50",3,"Standard","None",0.399,0,1
"SSA3-50J25","S45C",3,50,150,"25",3,"Standard","None",0.408,0,1
"SSA3-50J28","S45C",3,50,150,"28",3,"Standard","None",0.408,0,1
"SSA3-50J30","S45C",3,50,150,"30",3,"Standard","None",0.408,0,1
"SSA3-50J32","S45C",3,50,150,"32",3,"Standard","None",0.408,0,1
"SSA3-50J35","S45C",3,50,150,"35",3,"Standard","None",0.408,0,1
"SSA3-50J40","S45C",3,50,150,"40",3,"Standard","None",0.408,0,1
"SSA3-55J25","S45C",3,55,165,"25",3,"Standard","None",0.415,0,1
"SSA3-55J28","S45C",3,55,165,"28",3,"Standard","None",0.415,0,1
"SSA3-55J30","S45C",3,55,165,"30",3,"Standard","None",0.415,0,1
"SSA3-55J32","S45C",3,55,165,"32",3,"Standard","None",0.415,0,1
"SSA3-55J35","S45C",3,55,165,"35",3,"Standard","None",0.415,0,1
"SSA3-55J40","S45C",3,55,165,"40",3,"Standard","None",0.415,0,1
"SSA3-55J45","S45C",3,55,165,"45",3,"Standard","None",0.415,0,1
"SSA3-56J25","S45C",3,56,168,"25",3,"Standard","None",0.415,0,1
"SSA3-56J28","S45C",3,56,168,"28",3,"Standard","None",0.415,0,1
"SSA3-56J30","S45C",3,56,168,"30",3,"Standard","None",0.415,0,1
"SSA3-56J32","S45C",3,56,168,"32",3,"Standard","None",0.415,0,1
"SSA3-56J35","S45C",3,56,168,"35",3,"Standard","None",0.415,0,1
"SSA3-56J40","S45C",3,56,168,"40",3,"Standard","None",0.415,0,1
"SSA3-56J45","S45C",3,56,168,"45",3,"Standard","None",0.415,0,1
"SSA3-60J25","S45C",3,60,180,"25",3,"Standard","None",0.421,0,1
"SSA3-60J28","S45C",3,60,180,"28",3,"Standard","None",0.421,0,1
"SSA3-60J30","S45C",3,60,180,"30",3,"Standard","None",0.421,0,1
"SSA3-60J32","S45C",3,60,180,"32",3,"Standard","None",0.421,0,1
"SSA3-60J35","S45C",3,60,180,"35",3,"Standard","None",0.421,0,1
"SSA3-60J40","S45C",3,60,180,"40",3,"Standard","None",0.421,0,1
"SSA3-60J45","S45C",3,60,180,"45",3,"Standard","None",0.421,0,1
"SSA3-60J50","S45C",3,60,180,"50",3,"Standard","None",0.421,0,1
"SSA3-70J25","S45C",3,70,210,"25",3,"Standard","None",0.429,0,1
"SSA3-70J28","S45C",3,70,210,"28",3,"Standard","None",0.429,0,1
"SSA3-70J30","S45C",3,70,210,"30",3,"Standard","None",0.429,0,1
"SSA3-70J32","S45C",3,70,210,"32",3,"Standard","None",0.429,0,1
"SSA3-70J35","S45C",3,70,210,"35",3,"Standard","None",0.429,0,1
"SSA3-70J40","S45C",3,70,210,"40",3,"Standard","None",0.429,0,1
"SSA3-70J45","S45C",3,70,210,"45",3,"Standard","None",0.429,0,1
"SSA3-70J50","S45C",3,70,210,"50",3,"Standard","None",0.429,0,1
